<?xml version="1.0"?>
<script xmlns:xsi="http://www.w3.org/2001/XMLSchema-instance" xmlns:xsd="http://www.w3.org/2001/XMLSchema" id="urn:uuid:c30b6abd-e0dc-4555-92b8-108c2aa899cc" chaining="implicit">
  <commands>
    <command xsi:type="ExecuteModuleCommand" id="urn:uuid:ec912601-eb2f-4cfd-8ad0-1246e6bd915c">
      <module name="w32memory-acquisition" version="1.4.62.0" />
      <config xsi:type="ParameterListModuleConfig">
        <parameters>
          <param name="Prevent Hibernation">
            <value xsi:type="xsd:boolean">true</value>
          </param>
        </parameters>
      </config>
      <filters />
    </command>
    <command xsi:type="ExecuteModuleCommand" id="urn:uuid:435cc222-974b-4349-8fd7-b8cb704bbeb6">
      <module name="w32drivers-signature" version="2.1.4.0" />
      <config xsi:type="ParameterListModuleConfig">
        <parameters>
          <param name="enumerate imports">
            <value xsi:type="xsd:boolean">true</value>
          </param>
          <param name="enumerate exports">
            <value xsi:type="xsd:boolean">true</value>
          </param>
          <param name="Verify Digital Signatures">
            <value xsi:type="xsd:boolean">true</value>
          </param>
          <param name="MD5">
            <value xsi:type="xsd:boolean">false</value>
          </param>
          <param name="SHA1">
            <value xsi:type="xsd:boolean">true</value>
          </param>
          <param name="SHA256">
            <value xsi:type="xsd:boolean">false</value>
          </param>
          <param name="strings">
            <value xsi:type="xsd:boolean">true</value>
          </param>
          <param name="Preserve Times">
            <value xsi:type="xsd:boolean">false</value>
          </param>
          <param name="raw mode">
            <value xsi:type="xsd:boolean">false</value>
          </param>
          <param name="shortest matched string">
            <value xsi:type="xsd:int">8</value>
          </param>
        </parameters>
      </config>
      <filters />
    </command>
    <command xsi:type="ExecuteModuleCommand" id="urn:uuid:3b9c926b-f96b-446c-ae7a-1b3fbbdac096">
      <module name="w32drivers-modulelist" version="1.4.46.0" />
      <config xsi:type="ParameterListModuleConfig">
        <parameters />
      </config>
      <filters />
    </command>
    <command xsi:type="ExecuteModuleCommand" id="urn:uuid:c4106886-4887-45ed-9b18-fa2010353a9b">
      <module name="w32kernel-hookdetection" version="1.4.46.0" />
      <config xsi:type="ParameterListModuleConfig">
        <parameters>
          <param name="idt">
            <value xsi:type="xsd:boolean">true</value>
          </param>
          <param name="ssdt_index">
            <value xsi:type="xsd:boolean">true</value>
          </param>
          <param name="ssdt_inline">
            <value xsi:type="xsd:boolean">true</value>
          </param>
          <param name="drivers">
            <value xsi:type="xsd:boolean">true</value>
          </param>
          <param name="Verify Digital Signatures">
            <value xsi:type="xsd:boolean">true</value>
          </param>
        </parameters>
      </config>
      <filters />
    </command>
    <command xsi:type="ExecuteModuleCommand" id="urn:uuid:daf22b9c-75b1-4ca5-859c-12026fb222d6">
      <module name="w32processes-memory" version="2.1.4.0" />
      <config xsi:type="ParameterListModuleConfig">
        <parameters>
          <param name="pid" />
          <param name="process name" />
          <param name="handles">
            <value xsi:type="xsd:boolean">true</value>
          </param>
          <param name="sections">
            <value xsi:type="xsd:boolean">true</value>
          </param>
          <param name="ports">
            <value xsi:type="xsd:boolean">true</value>
          </param>
          <param name="enumerate imports">
            <value xsi:type="xsd:boolean">true</value>
          </param>
          <param name="enumerate exports">
            <value xsi:type="xsd:boolean">true</value>
          </param>
          <param name="detect injected dlls">
            <value xsi:type="xsd:boolean">true</value>
          </param>
          <param name="Verify Digital Signatures">
            <value xsi:type="xsd:boolean">true</value>
          </param>
          <param name="MD5">
            <value xsi:type="xsd:boolean">false</value>
          </param>
          <param name="SHA1">
            <value xsi:type="xsd:boolean">true</value>
          </param>
          <param name="SHA256">
            <value xsi:type="xsd:boolean">false</value>
          </param>
          <param name="MemD5">
            <value xsi:type="xsd:boolean">false</value>
          </param>
          <param name="strings">
            <value xsi:type="xsd:boolean">true</value>
          </param>
          <param name="Preserve Times">
            <value xsi:type="xsd:boolean">false</value>
          </param>
          <param name="raw mode">
            <value xsi:type="xsd:boolean">false</value>
          </param>
          <param name="Content Regex" />
          <param name="shortest matched string">
            <value xsi:type="xsd:int">8</value>
          </param>
        </parameters>
      </config>
      <filters />
    </command>
    <command xsi:type="ExecuteModuleCommand" id="urn:uuid:3b3528b5-20ac-4592-baf2-d1320b28d567">
      <module name="w32system" version="1.4.36.0" />
      <config xsi:type="ParameterListModuleConfig">
        <parameters>
          <param name="Prevent Hibernation">
            <value xsi:type="xsd:boolean">true</value>
          </param>
        </parameters>
      </config>
      <filters />
    </command>
    <command xsi:type="ExecuteModuleCommand" id="urn:uuid:5a95bcb7-0bf3-4bc1-8d40-9c1505306f50">
      <module name="w32network-dns" version="1.4.34.0" />
      <config xsi:type="ParameterListModuleConfig">
        <parameters>
          <param name="Prevent Hibernation">
            <value xsi:type="xsd:boolean">true</value>
          </param>
        </parameters>
      </config>
      <filters />
    </command>
    <command xsi:type="ExecuteModuleCommand" id="urn:uuid:36dd1780-1dd2-4c14-b169-6c0cfaadee71">
      <module name="w32network-route" version="1.4.34.0" />
      <config xsi:type="ParameterListModuleConfig">
        <parameters>
          <param name="Prevent Hibernation">
            <value xsi:type="xsd:boolean">true</value>
          </param>
        </parameters>
      </config>
      <filters />
    </command>
    <command xsi:type="ExecuteModuleCommand" id="urn:uuid:21718702-9f75-49ae-8c13-62f52cb0b31c">
      <module name="w32services" version="1.4.36.0" />
      <config xsi:type="ParameterListModuleConfig">
        <parameters>
          <param name="MD5">
            <value xsi:type="xsd:boolean">false</value>
          </param>
          <param name="SHA1">
            <value xsi:type="xsd:boolean">true</value>
          </param>
          <param name="SHA256">
            <value xsi:type="xsd:boolean">false</value>
          </param>
          <param name="Verify Digital Signatures">
            <value xsi:type="xsd:boolean">false</value>
          </param>
          <param name="Preserve Times">
            <value xsi:type="xsd:boolean">false</value>
          </param>
          <param name="raw mode">
            <value xsi:type="xsd:boolean">false</value>
          </param>
          <param name="Prevent Hibernation">
            <value xsi:type="xsd:boolean">true</value>
          </param>
        </parameters>
      </config>
      <filters />
    </command>
    <command xsi:type="ExecuteModuleCommand" id="urn:uuid:6fb1c260-c34b-4d20-8adf-d539e7daea2e">
      <module name="w32tasks" version="1.4.36.0" />
      <config xsi:type="ParameterListModuleConfig">
        <parameters>
          <param name="MD5">
            <value xsi:type="xsd:boolean">false</value>
          </param>
          <param name="SHA1">
            <value xsi:type="xsd:boolean">true</value>
          </param>
          <param name="SHA256">
            <value xsi:type="xsd:boolean">false</value>
          </param>
          <param name="Verify Digital Signatures">
            <value xsi:type="xsd:boolean">false</value>
          </param>
          <param name="Preserve Times">
            <value xsi:type="xsd:boolean">false</value>
          </param>
          <param name="raw mode">
            <value xsi:type="xsd:boolean">false</value>
          </param>
          <param name="Prevent Hibernation">
            <value xsi:type="xsd:boolean">true</value>
          </param>
        </parameters>
      </config>
      <filters />
    </command>
    <command xsi:type="ExecuteModuleCommand" id="urn:uuid:a330ce2a-e81f-4339-8c3c-7af8bc8153b9">
      <module name="cookiehistory" version="1.4.36.0" />
      <config xsi:type="ParameterListModuleConfig">
        <parameters>
          <param name="TargetBrowser" />
          <param name="PathToHistoryFiles" />
          <param name="Prevent Hibernation">
            <value xsi:type="xsd:boolean">true</value>
          </param>
        </parameters>
      </config>
      <filters />
    </command>
    <command xsi:type="ExecuteModuleCommand" id="urn:uuid:b14cb161-c9da-4a77-af6c-55cc20b203e3">
      <module name="filedownloadhistory" version="1.4.36.0" />
      <config xsi:type="ParameterListModuleConfig">
        <parameters>
          <param name="TargetBrowser" />
          <param name="PathToHistoryFiles" />
          <param name="Prevent Hibernation">
            <value xsi:type="xsd:boolean">true</value>
          </param>
        </parameters>
      </config>
      <filters />
    </command>
    <command xsi:type="ExecuteModuleCommand" id="urn:uuid:9c690f46-a3f5-4c7d-a66d-31dbcbb8a0cc">
      <module name="formhistory" version="1.4.36.0" />
      <config xsi:type="ParameterListModuleConfig">
        <parameters>
          <param name="TargetBrowser" />
          <param name="PathToHistoryFiles" />
          <param name="Prevent Hibernation">
            <value xsi:type="xsd:boolean">true</value>
          </param>
        </parameters>
      </config>
      <filters />
    </command>
    <command xsi:type="ExecuteModuleCommand" id="urn:uuid:43d5acce-3143-4c1b-bb10-f4b1802e3b04">
      <module name="urlhistory" version="1.4.36.0" />
      <config xsi:type="ParameterListModuleConfig">
        <parameters>
          <param name="TargetBrowser" />
          <param name="PathToHistoryFiles" />
          <param name="GetThumbnails">
            <value xsi:type="xsd:boolean">false</value>
          </param>
          <param name="GetIndexedPageContent">
            <value xsi:type="xsd:boolean">false</value>
          </param>
          <param name="Prevent Hibernation">
            <value xsi:type="xsd:boolean">true</value>
          </param>
        </parameters>
      </config>
      <filters />
    </command>
    <command xsi:type="ExecuteModuleCommand" id="urn:uuid:f24b4c44-a4ea-4dbe-9d48-16261a4ee6b9">
      <module name="w32processes-API" version="1.4.36.0" />
      <config xsi:type="ParameterListModuleConfig">
        <parameters>
          <param name="Prevent Hibernation">
            <value xsi:type="xsd:boolean">true</value>
          </param>
        </parameters>
      </config>
      <filters />
    </command>
    <command xsi:type="ExecuteModuleCommand" id="urn:uuid:30d7aee6-397c-4728-a09e-b84f6b9612bb">
      <module name="w32processes-handle" version="1.4.36.0" />
      <config xsi:type="ParameterListModuleConfig">
        <parameters>
          <param name="Prevent Hibernation">
            <value xsi:type="xsd:boolean">true</value>
          </param>
        </parameters>
      </config>
      <filters />
    </command>
  </commands>
</script>