<?xml version="1.0"?>
<script xmlns:xsi="http://www.w3.org/2001/XMLSchema-instance" xmlns:xsd="http://www.w3.org/2001/XMLSchema" id="urn:uuid:ab01c3bc-38f1-4f1f-b133-72d7530d03de" chaining="implicit">
  <commands>
    <command xsi:type="ExecuteModuleCommand" id="urn:uuid:d00fef7b-11d1-4e34-b5fb-9ee8ff128cd4">
      <module name="w32memory-acquisition" version="1.4.62.0" />
      <config xsi:type="ParameterListModuleConfig">
        <parameters>
          <param name="Prevent Hibernation">
            <value xsi:type="xsd:boolean">true</value>
          </param>
        </parameters>
      </config>
      <filters />
    </command>
    <command xsi:type="ExecuteModuleCommand" id="urn:uuid:6078089d-5261-4d4d-95a9-114d7ca8229f">
      <module name="w32drivers-signature" version="2.1.4.0" />
      <config xsi:type="ParameterListModuleConfig">
        <parameters>
          <param name="enumerate imports">
            <value xsi:type="xsd:boolean">true</value>
          </param>
          <param name="enumerate exports">
            <value xsi:type="xsd:boolean">true</value>
          </param>
          <param name="Verify Digital Signatures">
            <value xsi:type="xsd:boolean">true</value>
          </param>
          <param name="MD5">
            <value xsi:type="xsd:boolean">true</value>
          </param>
          <param name="SHA1">
            <value xsi:type="xsd:boolean">false</value>
          </param>
          <param name="SHA256">
            <value xsi:type="xsd:boolean">false</value>
          </param>
          <param name="strings">
            <value xsi:type="xsd:boolean">false</value>
          </param>
          <param name="Preserve Times">
            <value xsi:type="xsd:boolean">false</value>
          </param>
          <param name="raw mode">
            <value xsi:type="xsd:boolean">false</value>
          </param>
        </parameters>
      </config>
      <filters />
    </command>
    <command xsi:type="ExecuteModuleCommand" id="urn:uuid:dca90ba8-e8df-470d-8ed8-b5da0992ac75">
      <module name="w32drivers-modulelist" version="1.4.46.0" />
      <config xsi:type="ParameterListModuleConfig">
        <parameters />
      </config>
      <filters />
    </command>
    <command xsi:type="ExecuteModuleCommand" id="urn:uuid:6daf0739-777a-47f7-b498-c1676f4a6465">
      <module name="w32kernel-hookdetection" version="1.4.46.0" />
      <config xsi:type="ParameterListModuleConfig">
        <parameters>
          <param name="idt">
            <value xsi:type="xsd:boolean">true</value>
          </param>
          <param name="ssdt_index">
            <value xsi:type="xsd:boolean">true</value>
          </param>
          <param name="ssdt_inline">
            <value xsi:type="xsd:boolean">true</value>
          </param>
          <param name="drivers">
            <value xsi:type="xsd:boolean">true</value>
          </param>
          <param name="Verify Digital Signatures">
            <value xsi:type="xsd:boolean">true</value>
          </param>
        </parameters>
      </config>
      <filters />
    </command>
    <command xsi:type="ExecuteModuleCommand" id="urn:uuid:c73e6ce5-4222-4ba6-bb6d-339b3f1bac54">
      <module name="w32processes-memory" version="2.1.4.0" />
      <config xsi:type="ParameterListModuleConfig">
        <parameters>
          <param name="pid" />
          <param name="process name" />
          <param name="handles">
            <value xsi:type="xsd:boolean">true</value>
          </param>
          <param name="sections">
            <value xsi:type="xsd:boolean">true</value>
          </param>
          <param name="ports">
            <value xsi:type="xsd:boolean">true</value>
          </param>
          <param name="enumerate imports">
            <value xsi:type="xsd:boolean">true</value>
          </param>
          <param name="enumerate exports">
            <value xsi:type="xsd:boolean">true</value>
          </param>
          <param name="detect injected dlls">
            <value xsi:type="xsd:boolean">true</value>
          </param>
          <param name="Verify Digital Signatures">
            <value xsi:type="xsd:boolean">true</value>
          </param>
          <param name="MD5">
            <value xsi:type="xsd:boolean">true</value>
          </param>
          <param name="SHA1">
            <value xsi:type="xsd:boolean">false</value>
          </param>
          <param name="SHA256">
            <value xsi:type="xsd:boolean">false</value>
          </param>
          <param name="MemD5">
            <value xsi:type="xsd:boolean">false</value>
          </param>
          <param name="strings">
            <value xsi:type="xsd:boolean">false</value>
          </param>
          <param name="Preserve Times">
            <value xsi:type="xsd:boolean">false</value>
          </param>
          <param name="raw mode">
            <value xsi:type="xsd:boolean">false</value>
          </param>
          <param name="Content Regex" />
        </parameters>
      </config>
      <filters />
    </command>
    <command xsi:type="ExecuteModuleCommand" id="urn:uuid:7fa7f925-7f2b-4d89-89a7-ecc499b50dc0">
      <module name="w32system" version="1.4.36.0" />
      <config xsi:type="ParameterListModuleConfig">
        <parameters>
          <param name="Prevent Hibernation">
            <value xsi:type="xsd:boolean">true</value>
          </param>
        </parameters>
      </config>
      <filters />
    </command>
    <command xsi:type="ExecuteModuleCommand" id="urn:uuid:0d96c29c-cf02-4d72-ae08-186d7d52e065">
      <module name="w32disks" version="1.4.36.0" />
      <config xsi:type="ParameterListModuleConfig">
        <parameters>
          <param name="Prevent Hibernation">
            <value xsi:type="xsd:boolean">true</value>
          </param>
        </parameters>
      </config>
      <filters />
    </command>
    <command xsi:type="ExecuteModuleCommand" id="urn:uuid:7d4fdd2c-55f8-48eb-b593-87afdda193a4">
      <module name="w32eventlogs" version="1.4.36.0" />
      <config xsi:type="ParameterListModuleConfig">
        <parameters>
          <param name="eventlog" />
          <param name="eventlogfullpath" />
          <param name="Prevent Hibernation">
            <value xsi:type="xsd:boolean">true</value>
          </param>
        </parameters>
      </config>
      <filters />
    </command>
    <command xsi:type="ExecuteModuleCommand" id="urn:uuid:0d0c51cb-e1f0-4ea9-9ac3-6b46c0467015">
      <module name="w32apifiles" version="1.4.36.0" />
      <config xsi:type="ParameterListModuleConfig">
        <parameters>
          <param name="Path">
            <value xsi:type="xsd:string">%systemdrive%</value>
          </param>
          <param name="Regex" />
          <param name="MD5">
            <value xsi:type="xsd:boolean">true</value>
          </param>
          <param name="SHA1">
            <value xsi:type="xsd:boolean">false</value>
          </param>
          <param name="SHA256">
            <value xsi:type="xsd:boolean">false</value>
          </param>
          <param name="Preserve Times">
            <value xsi:type="xsd:boolean">false</value>
          </param>
          <param name="Analyze Entropy">
            <value xsi:type="xsd:boolean">true</value>
          </param>
          <param name="Enumerate Imports">
            <value xsi:type="xsd:boolean">true</value>
          </param>
          <param name="Enumerate Exports">
            <value xsi:type="xsd:boolean">true</value>
          </param>
          <param name="Analyze File Anomalies">
            <value xsi:type="xsd:boolean">true</value>
          </param>
          <param name="Scan Entry Point Distance">
            <value xsi:type="xsd:int">8</value>
          </param>
          <param name="Verify Digital Signatures">
            <value xsi:type="xsd:boolean">true</value>
          </param>
          <param name="Minimum Sizes" />
          <param name="Maximum Sizes" />
          <param name="Filter MD5" />
          <param name="Filter SHA1" />
          <param name="Filter SHA256" />
          <param name="Content Regex" />
          <param name="AND Operator">
            <value xsi:type="xsd:boolean">false</value>
          </param>
          <param name="Strings">
            <value xsi:type="xsd:boolean">false</value>
          </param>
          <param name="Include Files">
            <value xsi:type="xsd:boolean">true</value>
          </param>
          <param name="Include Directories">
            <value xsi:type="xsd:boolean">true</value>
          </param>
          <param name="Get Resources">
            <value xsi:type="xsd:boolean">true</value>
          </param>
          <param name="Get Resource Data">
            <value xsi:type="xsd:boolean">false</value>
          </param>
          <param name="Get Version Info">
            <value xsi:type="xsd:boolean">true</value>
          </param>
          <param name="Exclude Resource Types" />
          <param name="Prevent Hibernation">
            <value xsi:type="xsd:boolean">true</value>
          </param>
        </parameters>
      </config>
      <filters />
    </command>
    <command xsi:type="ExecuteModuleCommand" id="urn:uuid:b924527d-32fd-4191-88a3-b4a8aed48be9">
      <module name="w32network-arp" version="1.4.34.0" />
      <config xsi:type="ParameterListModuleConfig">
        <parameters>
          <param name="Prevent Hibernation">
            <value xsi:type="xsd:boolean">true</value>
          </param>
        </parameters>
      </config>
      <filters />
    </command>
    <command xsi:type="ExecuteModuleCommand" id="urn:uuid:b3489e8d-d217-451f-97ff-e24907ae7fb5">
      <module name="w32network-dns" version="1.4.34.0" />
      <config xsi:type="ParameterListModuleConfig">
        <parameters>
          <param name="Prevent Hibernation">
            <value xsi:type="xsd:boolean">true</value>
          </param>
        </parameters>
      </config>
      <filters />
    </command>
    <command xsi:type="ExecuteModuleCommand" id="urn:uuid:b4cc6dd6-0646-479f-81f7-8f2c2551405d">
      <module name="w32network-route" version="1.4.34.0" />
      <config xsi:type="ParameterListModuleConfig">
        <parameters>
          <param name="Prevent Hibernation">
            <value xsi:type="xsd:boolean">true</value>
          </param>
        </parameters>
      </config>
      <filters />
    </command>
    <command xsi:type="ExecuteModuleCommand" id="urn:uuid:64395727-f9e9-4e5a-a2e1-9c4e31afa20d">
      <module name="w32ports" version="1.4.36.0" />
      <config xsi:type="ParameterListModuleConfig">
        <parameters>
          <param name="Prevent Hibernation">
            <value xsi:type="xsd:boolean">true</value>
          </param>
        </parameters>
      </config>
      <filters />
    </command>
    <command xsi:type="ExecuteModuleCommand" id="urn:uuid:f0bb28f7-d2c8-4114-b152-f00e22942715">
      <module name="w32scripting-persistence" version="1.4.45.0" />
      <config xsi:type="ParameterListModuleConfig">
        <parameters>
          <param name="MD5">
            <value xsi:type="xsd:boolean">true</value>
          </param>
          <param name="SHA1">
            <value xsi:type="xsd:boolean">false</value>
          </param>
          <param name="SHA256">
            <value xsi:type="xsd:boolean">false</value>
          </param>
          <param name="Preserve Times">
            <value xsi:type="xsd:boolean">false</value>
          </param>
          <param name="Analyze Entropy">
            <value xsi:type="xsd:boolean">true</value>
          </param>
          <param name="Enumerate Imports">
            <value xsi:type="xsd:boolean">true</value>
          </param>
          <param name="Enumerate Exports">
            <value xsi:type="xsd:boolean">true</value>
          </param>
          <param name="Analyze File Anomalies">
            <value xsi:type="xsd:boolean">true</value>
          </param>
          <param name="Scan Entry Point Distance">
            <value xsi:type="xsd:int">8</value>
          </param>
          <param name="Verify Digital Signatures">
            <value xsi:type="xsd:boolean">true</value>
          </param>
          <param name="Get Resources">
            <value xsi:type="xsd:boolean">true</value>
          </param>
          <param name="Get Version Info">
            <value xsi:type="xsd:boolean">true</value>
          </param>
          <param name="lua_script" />
          <param name="Prevent Hibernation">
            <value xsi:type="xsd:boolean">true</value>
          </param>
        </parameters>
      </config>
      <filters />
    </command>
    <command xsi:type="ExecuteModuleCommand" id="urn:uuid:167050ce-0f23-4081-93ee-47bacc83f3e8">
      <module name="w32prefetch" version="1.4.34.0" />
      <config xsi:type="ParameterListModuleConfig">
        <parameters>
          <param name="Prevent Hibernation">
            <value xsi:type="xsd:boolean">true</value>
          </param>
        </parameters>
      </config>
      <filters />
    </command>
    <command xsi:type="ExecuteModuleCommand" id="urn:uuid:df0ed767-a7da-4e64-865a-3edba8b76095">
      <module name="w32hivelist" version="1.4.36.0" />
      <config xsi:type="ParameterListModuleConfig">
        <parameters>
          <param name="Prevent Hibernation">
            <value xsi:type="xsd:boolean">true</value>
          </param>
        </parameters>
      </config>
      <filters />
    </command>
    <command xsi:type="ExecuteModuleCommand" id="urn:uuid:218f060d-bfc9-48f6-b88e-3319d672693a">
      <module name="w32registryapi" version="1.4.36.0" />
      <config xsi:type="ParameterListModuleConfig">
        <parameters>
          <param name="Path" />
          <param name="Path Regex" />
          <param name="Value Regex" />
          <param name="Type" />
          <param name="Prevent Hibernation">
            <value xsi:type="xsd:boolean">true</value>
          </param>
        </parameters>
      </config>
      <filters />
    </command>
    <command xsi:type="ExecuteModuleCommand" id="urn:uuid:1eed7752-469a-4e9b-aec0-1effbabba5e5">
      <module name="w32services" version="1.4.36.0" />
      <config xsi:type="ParameterListModuleConfig">
        <parameters>
          <param name="MD5">
            <value xsi:type="xsd:boolean">true</value>
          </param>
          <param name="SHA1">
            <value xsi:type="xsd:boolean">false</value>
          </param>
          <param name="SHA256">
            <value xsi:type="xsd:boolean">false</value>
          </param>
          <param name="Verify Digital Signatures">
            <value xsi:type="xsd:boolean">true</value>
          </param>
          <param name="Preserve Times">
            <value xsi:type="xsd:boolean">false</value>
          </param>
          <param name="raw mode">
            <value xsi:type="xsd:boolean">false</value>
          </param>
          <param name="Prevent Hibernation">
            <value xsi:type="xsd:boolean">true</value>
          </param>
        </parameters>
      </config>
      <filters />
    </command>
    <command xsi:type="ExecuteModuleCommand" id="urn:uuid:8c498d39-30de-4e6c-b5ad-df7cefc0a50d">
      <module name="w32systemrestore" version="1.4.41.0" />
      <config xsi:type="ParameterListModuleConfig">
        <parameters>
          <param name="Prevent Hibernation">
            <value xsi:type="xsd:boolean">true</value>
          </param>
        </parameters>
      </config>
      <filters />
    </command>
    <command xsi:type="ExecuteModuleCommand" id="urn:uuid:cb6868bb-52c9-4bbf-825c-0aec69adcac0">
      <module name="w32tasks" version="1.4.36.0" />
      <config xsi:type="ParameterListModuleConfig">
        <parameters>
          <param name="MD5">
            <value xsi:type="xsd:boolean">true</value>
          </param>
          <param name="SHA1">
            <value xsi:type="xsd:boolean">false</value>
          </param>
          <param name="SHA256">
            <value xsi:type="xsd:boolean">false</value>
          </param>
          <param name="Verify Digital Signatures">
            <value xsi:type="xsd:boolean">true</value>
          </param>
          <param name="Preserve Times">
            <value xsi:type="xsd:boolean">false</value>
          </param>
          <param name="raw mode">
            <value xsi:type="xsd:boolean">false</value>
          </param>
          <param name="Prevent Hibernation">
            <value xsi:type="xsd:boolean">true</value>
          </param>
        </parameters>
      </config>
      <filters />
    </command>
    <command xsi:type="ExecuteModuleCommand" id="urn:uuid:5923e419-273c-42be-882d-615630b2af93">
      <module name="w32useraccounts" version="1.4.36.0" />
      <config xsi:type="ParameterListModuleConfig">
        <parameters>
          <param name="Prevent Hibernation">
            <value xsi:type="xsd:boolean">true</value>
          </param>
        </parameters>
      </config>
      <filters />
    </command>
    <command xsi:type="ExecuteModuleCommand" id="urn:uuid:891aad8d-54ac-4173-b060-6d20056de0d5">
      <module name="w32volumes" version="1.4.36.0" />
      <config xsi:type="ParameterListModuleConfig">
        <parameters>
          <param name="Prevent Hibernation">
            <value xsi:type="xsd:boolean">true</value>
          </param>
        </parameters>
      </config>
      <filters />
    </command>
    <command xsi:type="ExecuteModuleCommand" id="urn:uuid:3f51e482-1665-4c83-8760-b5bd1a3853d8">
      <module name="cookiehistory" version="1.4.36.0" />
      <config xsi:type="ParameterListModuleConfig">
        <parameters>
          <param name="TargetBrowser" />
          <param name="PathToHistoryFiles" />
          <param name="Prevent Hibernation">
            <value xsi:type="xsd:boolean">true</value>
          </param>
        </parameters>
      </config>
      <filters />
    </command>
    <command xsi:type="ExecuteModuleCommand" id="urn:uuid:80aac988-f197-44ce-8c6b-1641bfe445a8">
      <module name="filedownloadhistory" version="1.4.36.0" />
      <config xsi:type="ParameterListModuleConfig">
        <parameters>
          <param name="TargetBrowser" />
          <param name="PathToHistoryFiles" />
          <param name="Prevent Hibernation">
            <value xsi:type="xsd:boolean">true</value>
          </param>
        </parameters>
      </config>
      <filters />
    </command>
    <command xsi:type="ExecuteModuleCommand" id="urn:uuid:fde294ab-96ed-44d7-b20e-d03a51dbe121">
      <module name="formhistory" version="1.4.36.0" />
      <config xsi:type="ParameterListModuleConfig">
        <parameters>
          <param name="TargetBrowser" />
          <param name="PathToHistoryFiles" />
          <param name="Prevent Hibernation">
            <value xsi:type="xsd:boolean">true</value>
          </param>
        </parameters>
      </config>
      <filters />
    </command>
    <command xsi:type="ExecuteModuleCommand" id="urn:uuid:7e9aa1be-f326-4803-bed6-f9db42991b5a">
      <module name="urlhistory" version="1.4.36.0" />
      <config xsi:type="ParameterListModuleConfig">
        <parameters>
          <param name="TargetBrowser" />
          <param name="PathToHistoryFiles" />
          <param name="GetThumbnails">
            <value xsi:type="xsd:boolean">false</value>
          </param>
          <param name="GetIndexedPageContent">
            <value xsi:type="xsd:boolean">false</value>
          </param>
          <param name="Prevent Hibernation">
            <value xsi:type="xsd:boolean">true</value>
          </param>
        </parameters>
      </config>
      <filters />
    </command>
    <command xsi:type="ExecuteModuleCommand" id="urn:uuid:aa00e489-01c9-4349-a5d9-357fb409f1f0">
      <module name="w32processes-API" version="1.4.36.0" />
      <config xsi:type="ParameterListModuleConfig">
        <parameters>
          <param name="Prevent Hibernation">
            <value xsi:type="xsd:boolean">true</value>
          </param>
        </parameters>
      </config>
      <filters />
    </command>
    <command xsi:type="ExecuteModuleCommand" id="urn:uuid:ad0618e7-f47d-44fd-8bf8-d394ef7215b4">
      <module name="w32processes-handle" version="1.4.36.0" />
      <config xsi:type="ParameterListModuleConfig">
        <parameters>
          <param name="Prevent Hibernation">
            <value xsi:type="xsd:boolean">true</value>
          </param>
        </parameters>
      </config>
      <filters />
    </command>
  </commands>
</script>