<?xml version="1.0"?>
<script xmlns:xsi="http://www.w3.org/2001/XMLSchema-instance" xmlns:xsd="http://www.w3.org/2001/XMLSchema" id="urn:uuid:a0c599d0-6217-401a-9390-058993519d41" chaining="implicit">
  <commands>
    <command xsi:type="ExecuteModuleCommand" id="urn:uuid:60e42fe6-f9bc-40c8-a72b-d2b656ba5734">
      <module name="w32drivers-signature" version="2.1.4.0" />
      <config xsi:type="ParameterListModuleConfig">
        <parameters>
          <param name="enumerate imports">
            <value xsi:type="xsd:boolean">true</value>
          </param>
          <param name="enumerate exports">
            <value xsi:type="xsd:boolean">true</value>
          </param>
          <param name="Verify Digital Signatures">
            <value xsi:type="xsd:boolean">true</value>
          </param>
          <param name="MD5">
            <value xsi:type="xsd:boolean">true</value>
          </param>
          <param name="SHA1">
            <value xsi:type="xsd:boolean">false</value>
          </param>
          <param name="SHA256">
            <value xsi:type="xsd:boolean">false</value>
          </param>
          <param name="strings">
            <value xsi:type="xsd:boolean">false</value>
          </param>
          <param name="Preserve Times">
            <value xsi:type="xsd:boolean">false</value>
          </param>
          <param name="raw mode">
            <value xsi:type="xsd:boolean">false</value>
          </param>
        </parameters>
      </config>
      <filters />
    </command>
    <command xsi:type="ExecuteModuleCommand" id="urn:uuid:01f74d9e-0102-4222-a9e5-070e370ab60e">
      <module name="w32drivers-modulelist" version="1.4.46.0" />
      <config xsi:type="ParameterListModuleConfig">
        <parameters />
      </config>
      <filters />
    </command>
    <command xsi:type="ExecuteModuleCommand" id="urn:uuid:48c61400-d0b1-4325-bc77-577151e1d922">
      <module name="w32kernel-hookdetection" version="1.4.46.0" />
      <config xsi:type="ParameterListModuleConfig">
        <parameters>
          <param name="idt">
            <value xsi:type="xsd:boolean">true</value>
          </param>
          <param name="ssdt_index">
            <value xsi:type="xsd:boolean">true</value>
          </param>
          <param name="ssdt_inline">
            <value xsi:type="xsd:boolean">true</value>
          </param>
          <param name="drivers">
            <value xsi:type="xsd:boolean">true</value>
          </param>
          <param name="Verify Digital Signatures">
            <value xsi:type="xsd:boolean">true</value>
          </param>
        </parameters>
      </config>
      <filters />
    </command>
    <command xsi:type="ExecuteModuleCommand" id="urn:uuid:78274b76-f79e-43a5-be83-ada29fed9e7f">
      <module name="w32processes-memory" version="2.1.4.0" />
      <config xsi:type="ParameterListModuleConfig">
        <parameters>
          <param name="pid" />
          <param name="process name" />
          <param name="handles">
            <value xsi:type="xsd:boolean">true</value>
          </param>
          <param name="sections">
            <value xsi:type="xsd:boolean">true</value>
          </param>
          <param name="ports">
            <value xsi:type="xsd:boolean">true</value>
          </param>
          <param name="enumerate imports">
            <value xsi:type="xsd:boolean">true</value>
          </param>
          <param name="enumerate exports">
            <value xsi:type="xsd:boolean">true</value>
          </param>
          <param name="detect injected dlls">
            <value xsi:type="xsd:boolean">true</value>
          </param>
          <param name="Verify Digital Signatures">
            <value xsi:type="xsd:boolean">true</value>
          </param>
          <param name="MD5">
            <value xsi:type="xsd:boolean">true</value>
          </param>
          <param name="SHA1">
            <value xsi:type="xsd:boolean">false</value>
          </param>
          <param name="SHA256">
            <value xsi:type="xsd:boolean">false</value>
          </param>
          <param name="MemD5">
            <value xsi:type="xsd:boolean">false</value>
          </param>
          <param name="strings">
            <value xsi:type="xsd:boolean">true</value>
          </param>
          <param name="Preserve Times">
            <value xsi:type="xsd:boolean">false</value>
          </param>
          <param name="raw mode">
            <value xsi:type="xsd:boolean">false</value>
          </param>
          <param name="Content Regex" />
          <param name="shortest matched string">
            <value xsi:type="xsd:int">8</value>
          </param>
        </parameters>
      </config>
      <filters />
    </command>
    <command xsi:type="ExecuteModuleCommand" id="urn:uuid:fccde5b9-13db-4c4a-be9b-dd743172b46e">
      <module name="w32system" version="1.4.36.0" />
      <config xsi:type="ParameterListModuleConfig">
        <parameters>
          <param name="Prevent Hibernation">
            <value xsi:type="xsd:boolean">true</value>
          </param>
        </parameters>
      </config>
      <filters />
    </command>
    <command xsi:type="ExecuteModuleCommand" id="urn:uuid:cb96b538-d606-4f84-97ea-2ec78a8a7bb2">
      <module name="w32disks" version="1.4.36.0" />
      <config xsi:type="ParameterListModuleConfig">
        <parameters>
          <param name="Prevent Hibernation">
            <value xsi:type="xsd:boolean">true</value>
          </param>
        </parameters>
      </config>
      <filters />
    </command>
    <command xsi:type="ExecuteModuleCommand" id="urn:uuid:ce282488-6eaf-4470-8324-29028c14cc28">
      <module name="w32apifiles" version="1.4.36.0" />
      <config xsi:type="ParameterListModuleConfig">
        <parameters>
          <param name="Path">
            <value xsi:type="xsd:string">%systemdrive%</value>
          </param>
          <param name="Regex" />
          <param name="MD5">
            <value xsi:type="xsd:boolean">false</value>
          </param>
          <param name="SHA1">
            <value xsi:type="xsd:boolean">false</value>
          </param>
          <param name="SHA256">
            <value xsi:type="xsd:boolean">false</value>
          </param>
          <param name="Preserve Times">
            <value xsi:type="xsd:boolean">false</value>
          </param>
          <param name="Analyze Entropy">
            <value xsi:type="xsd:boolean">false</value>
          </param>
          <param name="Enumerate Imports">
            <value xsi:type="xsd:boolean">false</value>
          </param>
          <param name="Enumerate Exports">
            <value xsi:type="xsd:boolean">false</value>
          </param>
          <param name="Analyze File Anomalies">
            <value xsi:type="xsd:boolean">false</value>
          </param>
          <param name="Scan Entry Point Distance">
            <value xsi:type="xsd:int">8</value>
          </param>
          <param name="Verify Digital Signatures">
            <value xsi:type="xsd:boolean">false</value>
          </param>
          <param name="Minimum Sizes" />
          <param name="Maximum Sizes" />
          <param name="Filter MD5" />
          <param name="Filter SHA1" />
          <param name="Filter SHA256" />
          <param name="Content Regex" />
          <param name="AND Operator">
            <value xsi:type="xsd:boolean">false</value>
          </param>
          <param name="Strings">
            <value xsi:type="xsd:boolean">false</value>
          </param>
          <param name="Include Files">
            <value xsi:type="xsd:boolean">true</value>
          </param>
          <param name="Include Directories">
            <value xsi:type="xsd:boolean">true</value>
          </param>
          <param name="Get Resources">
            <value xsi:type="xsd:boolean">false</value>
          </param>
          <param name="Get Resource Data">
            <value xsi:type="xsd:boolean">false</value>
          </param>
          <param name="Get Version Info">
            <value xsi:type="xsd:boolean">false</value>
          </param>
          <param name="Exclude Resource Types" />
          <param name="Prevent Hibernation">
            <value xsi:type="xsd:boolean">true</value>
          </param>
          <param name="Depth">
            <value xsi:type="xsd:string">-1</value>
          </param>
        </parameters>
      </config>
      <filters />
    </command>
    <command xsi:type="ExecuteModuleCommand" id="urn:uuid:3f8d1038-4b75-4f37-9c1e-ff457b04b92d">
      <module name="w32network-arp" version="1.4.34.0" />
      <config xsi:type="ParameterListModuleConfig">
        <parameters>
          <param name="Prevent Hibernation">
            <value xsi:type="xsd:boolean">true</value>
          </param>
        </parameters>
      </config>
      <filters />
    </command>
    <command xsi:type="ExecuteModuleCommand" id="urn:uuid:84eb2a7c-02c5-4643-a0df-9700bcddaca4">
      <module name="w32network-dns" version="1.4.34.0" />
      <config xsi:type="ParameterListModuleConfig">
        <parameters>
          <param name="Prevent Hibernation">
            <value xsi:type="xsd:boolean">true</value>
          </param>
        </parameters>
      </config>
      <filters />
    </command>
    <command xsi:type="ExecuteModuleCommand" id="urn:uuid:eebeb49e-c7b4-4b2a-8714-b66e4643251a">
      <module name="w32network-route" version="1.4.34.0" />
      <config xsi:type="ParameterListModuleConfig">
        <parameters>
          <param name="Prevent Hibernation">
            <value xsi:type="xsd:boolean">true</value>
          </param>
        </parameters>
      </config>
      <filters />
    </command>
    <command xsi:type="ExecuteModuleCommand" id="urn:uuid:68b7b875-2088-48e3-8f29-ab059bde3d27">
      <module name="w32ports" version="1.4.36.0" />
      <config xsi:type="ParameterListModuleConfig">
        <parameters>
          <param name="Prevent Hibernation">
            <value xsi:type="xsd:boolean">true</value>
          </param>
        </parameters>
      </config>
      <filters />
    </command>
    <command xsi:type="ExecuteModuleCommand" id="urn:uuid:48673421-4de2-478d-8f19-bcdedf896739">
      <module name="w32scripting-persistence" version="1.4.45.0" />
      <config xsi:type="ParameterListModuleConfig">
        <parameters>
          <param name="MD5">
            <value xsi:type="xsd:boolean">true</value>
          </param>
          <param name="SHA1">
            <value xsi:type="xsd:boolean">false</value>
          </param>
          <param name="SHA256">
            <value xsi:type="xsd:boolean">false</value>
          </param>
          <param name="Preserve Times">
            <value xsi:type="xsd:boolean">false</value>
          </param>
          <param name="Analyze Entropy">
            <value xsi:type="xsd:boolean">false</value>
          </param>
          <param name="Enumerate Imports">
            <value xsi:type="xsd:boolean">false</value>
          </param>
          <param name="Enumerate Exports">
            <value xsi:type="xsd:boolean">false</value>
          </param>
          <param name="Analyze File Anomalies">
            <value xsi:type="xsd:boolean">false</value>
          </param>
          <param name="Scan Entry Point Distance">
            <value xsi:type="xsd:int">8</value>
          </param>
          <param name="Verify Digital Signatures">
            <value xsi:type="xsd:boolean">false</value>
          </param>
          <param name="Get Resources">
            <value xsi:type="xsd:boolean">false</value>
          </param>
          <param name="Get Version Info">
            <value xsi:type="xsd:boolean">false</value>
          </param>
          <param name="lua_script" />
          <param name="Prevent Hibernation">
            <value xsi:type="xsd:boolean">true</value>
          </param>
        </parameters>
      </config>
      <filters />
    </command>
    <command xsi:type="ExecuteModuleCommand" id="urn:uuid:aca9bd5b-709b-4cf6-9c2b-0e4896b5280b">
      <module name="w32services" version="1.4.36.0" />
      <config xsi:type="ParameterListModuleConfig">
        <parameters>
          <param name="MD5">
            <value xsi:type="xsd:boolean">true</value>
          </param>
          <param name="SHA1">
            <value xsi:type="xsd:boolean">false</value>
          </param>
          <param name="SHA256">
            <value xsi:type="xsd:boolean">false</value>
          </param>
          <param name="Verify Digital Signatures">
            <value xsi:type="xsd:boolean">false</value>
          </param>
          <param name="Preserve Times">
            <value xsi:type="xsd:boolean">false</value>
          </param>
          <param name="raw mode">
            <value xsi:type="xsd:boolean">false</value>
          </param>
          <param name="Prevent Hibernation">
            <value xsi:type="xsd:boolean">true</value>
          </param>
        </parameters>
      </config>
      <filters />
    </command>
    <command xsi:type="ExecuteModuleCommand" id="urn:uuid:cf416f1f-9255-422c-ac12-c0b23e75195d">
      <module name="w32tasks" version="1.4.36.0" />
      <config xsi:type="ParameterListModuleConfig">
        <parameters>
          <param name="MD5">
            <value xsi:type="xsd:boolean">true</value>
          </param>
          <param name="SHA1">
            <value xsi:type="xsd:boolean">false</value>
          </param>
          <param name="SHA256">
            <value xsi:type="xsd:boolean">false</value>
          </param>
          <param name="Verify Digital Signatures">
            <value xsi:type="xsd:boolean">false</value>
          </param>
          <param name="Preserve Times">
            <value xsi:type="xsd:boolean">false</value>
          </param>
          <param name="raw mode">
            <value xsi:type="xsd:boolean">false</value>
          </param>
          <param name="Prevent Hibernation">
            <value xsi:type="xsd:boolean">true</value>
          </param>
        </parameters>
      </config>
      <filters />
    </command>
    <command xsi:type="ExecuteModuleCommand" id="urn:uuid:26b5abc5-83a4-4869-a89f-34e728b730e0">
      <module name="w32useraccounts" version="1.4.36.0" />
      <config xsi:type="ParameterListModuleConfig">
        <parameters>
          <param name="Prevent Hibernation">
            <value xsi:type="xsd:boolean">true</value>
          </param>
        </parameters>
      </config>
      <filters />
    </command>
    <command xsi:type="ExecuteModuleCommand" id="urn:uuid:8e6fec99-eef8-43a4-a27a-b3fbe111ec21">
      <module name="w32volumes" version="1.4.36.0" />
      <config xsi:type="ParameterListModuleConfig">
        <parameters>
          <param name="Prevent Hibernation">
            <value xsi:type="xsd:boolean">true</value>
          </param>
        </parameters>
      </config>
      <filters />
    </command>
    <command xsi:type="ExecuteModuleCommand" id="urn:uuid:f1a60dc8-2875-40f0-ac35-b63c00c92e83">
      <module name="cookiehistory" version="1.4.36.0" />
      <config xsi:type="ParameterListModuleConfig">
        <parameters>
          <param name="TargetBrowser" />
          <param name="PathToHistoryFiles" />
          <param name="Prevent Hibernation">
            <value xsi:type="xsd:boolean">true</value>
          </param>
        </parameters>
      </config>
      <filters />
    </command>
    <command xsi:type="ExecuteModuleCommand" id="urn:uuid:e3ef7445-5c22-4a85-a6ca-d5fdc8d4e569">
      <module name="filedownloadhistory" version="1.4.36.0" />
      <config xsi:type="ParameterListModuleConfig">
        <parameters>
          <param name="TargetBrowser" />
          <param name="PathToHistoryFiles" />
          <param name="Prevent Hibernation">
            <value xsi:type="xsd:boolean">true</value>
          </param>
        </parameters>
      </config>
      <filters />
    </command>
    <command xsi:type="ExecuteModuleCommand" id="urn:uuid:ec05c00b-e2c5-4288-b3ba-702dce656e0f">
      <module name="formhistory" version="1.4.36.0" />
      <config xsi:type="ParameterListModuleConfig">
        <parameters>
          <param name="TargetBrowser" />
          <param name="PathToHistoryFiles" />
          <param name="Prevent Hibernation">
            <value xsi:type="xsd:boolean">true</value>
          </param>
        </parameters>
      </config>
      <filters />
    </command>
    <command xsi:type="ExecuteModuleCommand" id="urn:uuid:7248051d-ef1a-471e-8b92-e242f2a897ff">
      <module name="urlhistory" version="1.4.36.0" />
      <config xsi:type="ParameterListModuleConfig">
        <parameters>
          <param name="TargetBrowser" />
          <param name="PathToHistoryFiles" />
          <param name="GetThumbnails">
            <value xsi:type="xsd:boolean">false</value>
          </param>
          <param name="GetIndexedPageContent">
            <value xsi:type="xsd:boolean">false</value>
          </param>
          <param name="Prevent Hibernation">
            <value xsi:type="xsd:boolean">true</value>
          </param>
        </parameters>
      </config>
      <filters />
    </command>
    <command xsi:type="ExecuteModuleCommand" id="urn:uuid:2391115c-96af-44c9-81c7-4a4eaefae01c">
      <module name="w32processes-API" version="1.4.36.0" />
      <config xsi:type="ParameterListModuleConfig">
        <parameters>
          <param name="Prevent Hibernation">
            <value xsi:type="xsd:boolean">true</value>
          </param>
        </parameters>
      </config>
      <filters />
    </command>
    <command xsi:type="ExecuteModuleCommand" id="urn:uuid:01eb5fb8-6b98-4c2a-8e24-8eb9e565de32">
      <module name="w32processes-handle" version="1.4.36.0" />
      <config xsi:type="ParameterListModuleConfig">
        <parameters>
          <param name="Prevent Hibernation">
            <value xsi:type="xsd:boolean">true</value>
          </param>
        </parameters>
      </config>
      <filters />
    </command>
  </commands>
</script>